symbol,start_time,end_time,timeframe,open,high,low,close,volume,vah,val,mid,vpoc,kurtosis,skewness,profile_shape,volume_spike_ratio,hvns,lvns,untested_vpocs,vwap,profile_distribution,open_prev_profile,close_prev_profile,poor_high,poor_low
ESS,2025-03-31 13:15:00,2025-03-31 13:29:00,15min,5559.5,5568.0,5559.25,5565.75,5189.0,5568.25,5563.5,5563.625,5565.375,-1.0908042553742563,-1.01296608884722,double-distro,0.9,[5559.88],[5562.88],[5565.375],5564.3857,{},,,False,False
ESS,2025-03-31 13:30:00,2025-03-31 13:44:00,15min,5565.75,5574.0,5564.25,5573.75,11469.0,5572.75,5568.5,5569.125,5569.625,0.18436863945914483,-0.4949090827680971,P-shape,0.88,[5564.5],[5567.5],[5569.625],5569.89,{},Within Value Area,Above VAH,False,False
ESS,2025-03-31 13:45:00,2025-03-31 13:59:00,15min,5573.75,5575.0,5571.0,5574.25,7516.0,5574.25,5572.0,5573.0,5573.375,-1.4085967370769596,0.13513654806408518,normal,0.74,[],[],"[5569.625, 5573.375]",5573.0557,{},Above VAH,Above VAH,False,False
ESS,2025-03-31 14:00:00,2025-03-31 14:14:00,15min,5574.25,5577.5,5570.25,5572.75,10953.0,5576.0,5572.25,5573.875,5574.625,-1.0514409898349446,0.4944778589447442,double-distro,0.77,[],[],"[5569.625, 5574.625]",5573.6701,{},Within Value Area,Within Value Area,False,False
ESS,2025-03-31 14:15:00,2025-03-31 14:29:00,15min,5572.75,5573.25,5562.25,5563.75,17946.0,5569.0,5563.5,5567.75,5567.875,-0.843742998133425,-0.07156028276891802,double-distro,3.2,"[5562.63, 5573.13]","[5569.75, 5565.75]","[5574.625, 5567.875]",5566.9282,{},Within Value Area,Below VAL,False,False
ESS,2025-03-31 14:30:00,2025-03-31 14:44:00,15min,5563.5,5572.0,5538.75,5539.25,127910.0,5564.0,5538.75,5555.375,5554.375,-0.3925757088889079,0.04674819804507516,double-distro,0.88,"[5565.37, 5569.87]","[5560.88, 5550.38]","[5574.625, 5554.375]",5556.924,{},Within Value Area,Below VAL,False,False
ESS,2025-03-31 14:45:00,2025-03-31 14:59:00,15min,5539.25,5571.0,5533.75,5562.5,112987.0,5559.5,5533.75,5552.375,5539.375,-1.6778458342107423,-0.14157642622563504,double-distro,0.73,"[5566.62, 5551.87]","[5546.63, 5560.75]","[5574.625, 5539.375]",5551.3402,{},Within Value Area,Within Value Area,False,False
ESS,2025-03-31 15:00:00,2025-03-31 15:14:00,15min,5562.75,5581.25,5561.5,5574.5,86126.0,5577.0,5569.0,5571.375,5573.875,-0.19284917442175864,0.28913075417124673,double-distro,0.69,"[5579.25, 5568.63]",[5567.37],"[5539.375, 5573.875]",5573.2169,{},Above VAH,Above VAH,False,False
ESS,2025-03-31 15:15:00,2025-03-31 15:29:00,15min,5574.5,5576.25,5559.25,5560.25,59506.0,5566.0,5559.75,5567.75,5562.625,5.092569963368933,2.0154068612510816,b-shape,0.89,"[5573.87, 5568.25]",[5569.37],"[5539.375, 5562.625]",5564.3785,{},Within Value Area,Below VAL,False,False
ESS,2025-03-31 15:30:00,2025-03-31 15:44:00,15min,5560.25,5584.25,5559.75,5573.75,65294.0,5582.5,5572.0,5572.0,5579.125,-0.34614023873787136,-0.6881906740921153,P-shape,0.65,"[5572.75, 5568.13]",[5569.0],"[5539.375, 5579.125]",5575.4883,{},Within Value Area,Above VAH,False,False
ESS,2025-03-31 15:45:00,2025-03-31 15:59:00,15min,5573.75,5585.5,5571.25,5581.5,53465.0,5582.75,5576.0,5578.375,5580.375,-1.2096945102495198,-0.35278254757770466,double-distro,0.73,"[5574.25, 5572.13]",[5577.13],"[5539.375, 5580.375]",5578.853,{},Within Value Area,Within Value Area,False,False
ESS,2025-03-31 16:00:00,2025-03-31 16:14:00,15min,5581.75,5591.25,5578.75,5579.5,63191.0,5588.5,5583.0,5585.0,5585.625,1.2118489442528881,-0.0219677945831742,normal,0.82,"[5579.5, 5590.87]",[5582.75],"[5539.375, 5585.625]",5585.1047,{},Within Value Area,Within Value Area,False,False
ESS,2025-03-31 16:15:00,2025-03-31 16:29:00,15min,5579.75,5600.5,5577.75,5591.0,56769.0,5599.25,5588.0,5589.125,5595.875,-1.1433408748955456,-0.0005308969299661326,double-distro,0.79,"[5587.79, 5585.0]","[5584.87, 5593.0]","[5539.375, 5595.875]",5591.66,{},Below VAL,Above VAH,False,False
ESS,2025-03-31 16:30:00,2025-03-31 16:44:00,15min,5591.0,5604.0,5586.5,5597.75,49257.0,5603.75,5592.25,5595.25,5598.375,-0.7130568860363908,-0.3808208857727787,double-distro,0.68,"[5592.5, 5589.25]",[5591.25],"[5539.375, 5598.375]",5595.7334,{},Within Value Area,Within Value Area,False,False
ESS,2025-03-31 16:45:00,2025-03-31 16:59:00,15min,5597.75,5606.75,5596.5,5598.5,40686.0,5605.25,5599.75,5601.625,5601.875,-1.0915809780674643,-0.03782443649070566,normal,1.14,"[5596.75, 5606.88]",[],"[5539.375, 5601.875]",5602.1329,{},Within Value Area,Within Value Area,False,False
ESS,2025-03-31 17:00:00,2025-03-31 17:14:00,15min,5598.5,5604.0,5584.5,5590.0,45395.0,5598.25,5584.5,5594.25,5592.375,-1.4459236566416585,0.05622514973318996,double-distro,0.65,"[5601.0, 5585.5]",[5596.62],"[5539.375, 5592.375]",5593.6638,{},Below VAL,Below VAL,False,False
ESS,2025-03-31 17:15:00,2025-03-31 17:29:00,15min,5590.25,5611.75,5588.0,5611.5,41961.0,5601.75,5588.0,5599.875,5597.375,0.15934657229385962,0.813439907417687,double-distro,1.41,"[5607.63, 5603.25]",[5602.63],"[5539.375, 5597.375]",5599.3057,{},Within Value Area,Above VAH,False,False
ESS,2025-03-31 17:30:00,2025-03-31 17:44:00,15min,5611.25,5611.25,5602.5,5604.75,35247.0,5610.0,5605.75,5606.875,5608.125,-0.6254398031842818,-0.4821389250012519,normal,1.12,[5602.87],[],"[5539.375, 5597.375, 5608.125]",5607.3241,{},Above VAH,Above VAH,False,False
ESS,2025-03-31 17:45:00,2025-03-31 17:59:00,15min,5605.0,5610.25,5596.5,5598.5,32521.0,5610.5,5603.0,5603.375,5605.125,-0.5552178896756015,-0.7736584292241513,double-distro,1.01,"[5599.5, 5597.87]",[5601.75],"[5539.375, 5605.125]",5604.1232,{},Below VAL,Below VAL,False,False
ESS,2025-03-31 18:00:00,2025-03-31 18:14:00,15min,5598.75,5617.25,5595.5,5613.5,34926.0,5616.5,5603.25,5606.375,5613.625,-1.0916226182704527,-0.47735042439197567,double-distro,1.01,"[5598.75, 5602.75]","[5608.5, 5604.25]","[5539.375, 5613.625]",5608.2661,{},Below VAL,Above VAH,False,False
ESS,2025-03-31 18:15:00,2025-03-31 18:29:00,15min,5613.75,5614.25,5593.25,5602.0,38884.0,5602.25,5593.25,5603.75,5597.875,-0.534918275562946,0.8710794898014191,double-distro,0.87,"[5607.0, 5610.83]","[5603.63, 5607.75]","[5539.375, 5597.875]",5600.7487,{},Within Value Area,Below VAL,False,False
ESS,2025-03-31 18:30:00,2025-03-31 18:44:00,15min,5602.0,5607.75,5594.5,5595.75,31347.0,5604.25,5598.25,5601.125,5601.875,-0.48853617375405456,0.06641553028545563,normal,1.07,"[5595.37, 5596.63]","[5598.25, 5603.88]","[5539.375, 5601.875]",5601.3279,{},Within Value Area,Within Value Area,False,False
ESS,2025-03-31 18:45:00,2025-03-31 18:59:00,15min,5595.5,5606.75,5592.25,5596.75,29350.0,5602.5,5593.25,5599.5,5596.125,-1.183088196473213,0.49965596350721786,double-distro,0.69,"[5603.25, 5604.87]","[5597.25, 5600.5]","[5539.375, 5596.125]",5599.2229,{},Below VAL,Below VAL,False,False
ESS,2025-03-31 19:00:00,2025-03-31 19:14:00,15min,5596.75,5635.0,5595.25,5626.75,66464.0,5635.25,5612.0,5615.125,5631.625,-1.324276200648829,0.012312161709324318,double-distro,0.89,"[5611.38, 5622.75]","[5623.0, 5618.75]","[5539.375, 5631.625]",5620.787,{},Within Value Area,Above VAH,False,False
ESS,2025-03-31 19:15:00,2025-03-31 19:29:00,15min,5626.5,5635.25,5622.75,5635.0,41358.0,5632.75,5628.0,5629.0,5630.375,2.8624213971755212,-0.481060857778913,normal,1.09,"[5624.13, 5635.38]",[5627.0],"[5539.375, 5630.375]",5629.534,{},Within Value Area,Within Value Area,False,False
ESS,2025-03-31 19:30:00,2025-03-31 19:44:00,15min,5635.0,5645.0,5632.75,5638.75,49466.0,5642.5,5636.75,5638.875,5638.625,-0.19036753260517258,0.6208693661960943,normal,1.27,"[5644.25, 5633.25]",[5636.25],"[5539.375, 5630.375, 5638.625]",5639.6253,{},Above VAH,Above VAH,False,False
ESS,2025-03-31 19:45:00,2025-03-31 19:59:00,15min,5638.75,5644.0,5627.75,5629.25,57033.0,5640.5,5630.25,5635.875,5639.625,-1.330662786423125,0.027638912807633424,double-distro,1.27,"[5629.88, 5633.06]",[5634.37],"[5539.375, 5639.625]",5634.7707,{},Within Value Area,Below VAL,False,False
ESS,2025-03-31 20:00:00,2025-03-31 20:14:00,15min,5629.25,5654.75,5628.75,5650.25,53988.0,5648.75,5636.5,5641.75,5639.625,-0.8207159266996267,0.5229659431928643,double-distro,1.2,"[5650.63, 5647.0]","[5635.88, 5647.0]","[5539.375, 5639.625]",5643.5692,{},Below VAL,Above VAH,False,False
ESS,2025-03-31 20:15:00,2025-03-31 20:29:00,15min,5650.25,5657.25,5637.0,5639.5,56763.0,5655.5,5645.75,5647.125,5649.375,0.3579497066215511,-0.561534038402689,normal,1.54,"[5655.5, 5643.5]","[5644.13, 5652.0]","[5539.375, 5649.375]",5648.6528,{},Above VAH,Within Value Area,False,False
ESS,2025-03-31 20:30:00,2025-03-31 20:44:00,15min,5639.25,5672.75,5636.0,5659.5,82292.0,5667.75,5647.0,5654.375,5651.875,-0.3654142032862069,0.18323019837680288,double-distro,1.89,"[5667.5, 5660.37]","[5646.88, 5659.87]","[5539.375, 5651.875]",5655.9115,{},Below VAL,Above VAH,False,False
ESS,2025-03-31 20:45:00,2025-03-31 20:59:00,15min,5659.0,5665.0,5643.0,5656.25,269990.0,5664.5,5652.75,5654.0,5656.875,0.6338339903355763,-0.998997364222248,double-distro,13.43,"[5663.13, 5650.45]",[],"[5539.375, 5656.875]",5656.4055,{},Within Value Area,Within Value Area,False,False
ESS,2025-03-31 21:00:00,2025-03-31 21:14:00,15min,5656.25,5657.5,5640.75,5645.5,74219.0,5648.5,5641.0,5649.125,5644.375,1.0442148712792507,-0.30174919444966386,b-shape,0.36,"[5651.25, 5655.25]",[5650.38],"[5539.375, 5644.375]",5645.9867,{},Within Value Area,Below VAL,False,False
ESS,2025-03-31 21:15:00,2025-03-31 21:29:00,15min,5645.5,5648.75,5645.0,5645.75,7656.0,5648.0,5646.0,5646.875,5646.375,-0.9689631278166613,-0.12978120842354718,normal,0.53,[],[],"[5539.375, 5644.375, 5646.375]",5646.7867,{},Within Value Area,Within Value Area,False,False
ESS,2025-03-31 21:30:00,2025-03-31 21:44:00,15min,5645.75,5647.5,5644.25,5647.25,3646.0,5646.0,5644.75,5645.875,5645.375,1.9532182722987734,1.389083085810767,b-shape,0.98,[],[5646.5],"[5539.375, 5645.375]",5645.4425,{},Below VAL,Within Value Area,False,False
ESS,2025-03-31 21:45:00,2025-03-31 21:59:00,15min,5647.0,5647.25,5644.0,5644.25,5162.0,5646.0,5644.5,5645.625,5645.125,-1.3059473607677767,0.3816144281766003,normal,0.66,[],[],"[5539.375, 5645.125]",5645.0759,{},Above VAH,Below VAL,False,False
ESS,2025-04-01 00:00:00,2025-04-01 00:14:00,15min,5639.0,5645.75,5636.5,5642.25,3243.0,5646.0,5640.0,5641.125,5643.875,-1.0797970412747944,-0.5209745330450678,double-distro,0.38,[5637.75],[],"[5539.375, 5643.875]",5641.6494,{},Below VAL,Below VAL,False,False
ESS,2025-04-01 00:15:00,2025-04-01 00:29:00,15min,5642.5,5643.0,5634.5,5636.5,2359.0,5641.75,5637.25,5638.75,5638.125,-0.424202954469755,-0.057316806843378386,double-distro,0.94,[5643.12],[5637.13],"[5539.375, 5643.875, 5638.125]",5638.4984,{},Within Value Area,Below VAL,False,False
ESS,2025-04-01 00:30:00,2025-04-01 00:44:00,15min,5636.25,5638.25,5632.75,5634.5,2507.0,5636.5,5633.5,5635.5,5635.125,-0.7016657864848801,0.19756716886829545,double-distro,0.77,[],[],"[5539.375, 5643.875, 5635.125]",5635.1872,{},Below VAL,Below VAL,False,False
ESS,2025-04-01 00:45:00,2025-04-01 00:59:00,15min,5634.5,5636.5,5631.5,5635.75,2627.0,5635.25,5633.0,5634.0,5634.625,-0.027154622345352486,0.20640633597738642,normal,0.97,[],[],"[5539.375, 5643.875, 5634.625]",5633.8277,{},Within Value Area,Within Value Area,False,False
ESS,2025-04-01 01:00:00,2025-04-01 01:14:00,15min,5635.5,5635.75,5628.25,5628.75,5208.0,5633.5,5629.5,5632.0,5631.375,-1.4749713587450581,0.0680165198797731,double-distro,0.43,[],[],"[5539.375, 5643.875, 5631.375]",5631.8084,{},Above VAH,Below VAL,False,False
ESS,2025-04-01 01:15:00,2025-04-01 01:29:00,15min,5629.0,5635.0,5629.0,5632.5,2815.0,5634.5,5631.75,5632.0,5633.125,-0.8438609640947936,-0.38056943685733907,P-shape,0.53,[],[5630.75],"[5539.375, 5643.875, 5633.125]",5632.7717,{},Below VAL,Within Value Area,False,False
ESS,2025-04-01 01:30:00,2025-04-01 01:44:00,15min,5632.25,5632.25,5625.25,5627.5,2687.0,5631.5,5627.0,5628.75,5629.625,-0.7708834224333367,-0.3254327295832841,normal,0.66,[],[],"[5539.375, 5643.875, 5633.125, 5629.625]",5628.5938,{},Within Value Area,Below VAL,False,False
ESS,2025-04-01 01:45:00,2025-04-01 01:59:00,15min,5627.25,5630.0,5620.25,5626.25,3735.0,5626.75,5620.5,5625.125,5622.375,-1.2402575665910294,-0.3913730889511403,double-distro,0.55,[5628.75],[5624.87],"[5539.375, 5643.875, 5633.125, 5622.375]",5624.2683,{},Within Value Area,Below VAL,False,False
ESS,2025-04-01 02:00:00,2025-04-01 02:14:00,15min,5626.0,5626.25,5619.25,5625.25,3780.0,5626.0,5622.0,5622.75,5624.875,-0.9551317452232149,-0.2879308572676458,P-shape,0.82,[5619.63],[],"[5539.375, 5643.875, 5633.125, 5624.875]",5623.3414,{},Within Value Area,Within Value Area,False,False
ESS,2025-04-01 02:15:00,2025-04-01 02:29:00,15min,5625.5,5631.0,5625.0,5630.25,2460.0,5631.0,5628.5,5628.0,5629.625,3.8330590713138255,-1.501208132900802,P-shape,0.62,[],[5627.37],"[5539.375, 5643.875, 5633.125, 5629.625]",5629.1294,{},Within Value Area,Above VAH,False,False
ESS,2025-04-01 02:30:00,2025-04-01 02:44:00,15min,5630.25,5631.5,5624.25,5629.25,2575.0,5628.25,5624.5,5627.875,5626.125,-1.4487815721845374,0.24233347376165543,b-shape,0.73,[5631.37],[5627.5],"[5539.375, 5643.875, 5633.125, 5626.125]",5626.8506,{},Within Value Area,Within Value Area,False,False
ESS,2025-04-01 02:45:00,2025-04-01 02:59:00,15min,5629.5,5632.25,5629.0,5631.0,2024.0,5632.25,5630.75,5630.625,5631.375,-0.12990729475667573,-0.7715229977111246,P-shape,0.58,[],[5630.25],"[5539.375, 5643.875, 5633.125, 5626.125, 5631.375]",5631.0812,{},Above VAH,Above VAH,False,False
ESS,2025-04-01 03:00:00,2025-04-01 03:14:00,15min,5631.0,5632.5,5629.25,5631.75,2230.0,5632.0,5630.25,5630.875,5631.625,-1.195913461538641,-0.05864113792695538,normal,0.64,[],[],"[5539.375, 5643.875, 5633.125, 5626.125, 5631.625]",5630.9538,{},Within Value Area,Within Value Area,False,False
ESS,2025-04-01 03:15:00,2025-04-01 03:29:00,15min,5632.0,5637.5,5631.75,5636.25,2916.0,5637.0,5634.25,5634.625,5636.375,0.6849618185501472,-0.9769872581397312,P-shape,0.46,[],[5633.63],"[5539.375, 5643.875, 5626.125, 5636.375]",5635.2187,{},Within Value Area,Above VAH,False,False
ESS,2025-04-01 03:30:00,2025-04-01 03:44:00,15min,5636.0,5638.25,5635.75,5637.25,1379.0,5637.75,5636.5,5637.0,5637.125,0.1535893341678487,-0.4385372911043506,normal,0.95,[],[],"[5539.375, 5643.875, 5626.125, 5637.125]",5636.9812,{},Within Value Area,Above VAH,False,False
ESS,2025-04-01 03:45:00,2025-04-01 03:59:00,15min,5637.25,5640.75,5636.75,5640.5,2044.0,5640.75,5638.5,5638.75,5639.375,-0.8564208518758476,-0.32044185795666585,normal,1.06,[],[5638.13],"[5539.375, 5643.875, 5626.125, 5639.375]",5639.2423,{},Within Value Area,Above VAH,False,False
ESS,2025-04-01 04:00:00,2025-04-01 04:14:00,15min,5640.5,5642.0,5638.5,5639.75,1420.0,5641.0,5639.25,5640.25,5639.625,-0.7199176378048309,0.6366227135857387,normal,0.35,[],[],"[5539.375, 5643.875, 5626.125, 5639.625]",5640.1157,{},Within Value Area,Within Value Area,False,False
ESS,2025-04-01 04:15:00,2025-04-01 04:29:00,15min,5639.75,5639.75,5637.0,5637.25,1527.0,5638.75,5637.5,5638.375,5637.625,0.9399860691175048,1.2312463053718419,b-shape,0.63,[],[5639.0],"[5539.375, 5643.875, 5626.125, 5637.625]",5637.9376,{},Within Value Area,Below VAL,False,False
ESS,2025-04-01 04:30:00,2025-04-01 04:44:00,15min,5637.5,5637.5,5632.5,5634.0,2519.0,5635.5,5633.25,5635.0,5634.375,0.13073800862928975,0.04318712619427523,normal,0.3,[],[5635.62],"[5539.375, 5643.875, 5626.125, 5634.375]",5634.417,{},Within Value Area,Below VAL,False,False
ESS,2025-04-01 04:45:00,2025-04-01 04:59:00,15min,5634.0,5635.75,5633.5,5633.5,1328.0,5635.25,5634.25,5634.625,5634.875,0.8777696615551545,-0.7845068309197537,normal,1.47,[],[],"[5539.375, 5643.875, 5626.125, 5634.875]",5634.6077,{},Within Value Area,Within Value Area,False,False
ESS,2025-04-01 05:00:00,2025-04-01 05:14:00,15min,5633.5,5633.75,5628.0,5632.25,2079.0,5632.0,5629.5,5630.875,5630.125,-1.656566305031682,0.15263689143636272,b-shape,0.44,[],[],"[5539.375, 5643.875, 5626.125, 5634.875, 5630.125]",5630.6193,{},Below VAL,Below VAL,False,False
ESS,2025-04-01 05:15:00,2025-04-01 05:29:00,15min,5632.25,5634.25,5630.25,5631.0,1199.0,5634.0,5632.5,5632.25,5633.375,0.12065767679346884,-0.9686095492299965,P-shape,1.23,[],[5631.88],"[5539.375, 5643.875, 5626.125, 5634.875, 5633.375]",5632.7523,{},Above VAH,Within Value Area,False,False
ESS,2025-04-01 05:30:00,2025-04-01 05:44:00,15min,5631.25,5633.25,5630.25,5630.75,912.0,5633.0,5631.0,5631.75,5632.375,-1.8652312437101524,-0.08636364442836732,double-distro,1.29,[],[5631.87],"[5539.375, 5643.875, 5626.125, 5634.875, 5632.375]",5631.6993,{},Below VAL,Below VAL,False,False
ESS,2025-04-01 05:45:00,2025-04-01 05:59:00,15min,5630.5,5634.5,5630.25,5634.0,1016.0,5634.75,5632.5,5632.375,5633.875,-1.519611292798503,-0.3484535101627859,P-shape,0.47,[],[5632.5],"[5539.375, 5643.875, 5626.125, 5634.875, 5633.875]",5633.063,{},Below VAL,Above VAH,False,False
ESS,2025-04-01 06:00:00,2025-04-01 06:14:00,15min,5634.0,5641.5,5633.0,5640.25,3306.0,5641.75,5637.0,5637.25,5637.875,0.06087849123131761,-0.8015590005520015,double-distro,0.49,[],[5635.88],"[5539.375, 5643.875, 5626.125, 5637.875]",5637.8611,{},Within Value Area,Above VAH,False,False
ESS,2025-04-01 06:15:00,2025-04-01 06:29:00,15min,5640.25,5642.0,5639.75,5641.0,1794.0,5642.0,5641.0,5640.875,5641.625,-1.4043973873607665,0.09469518956053584,P-shape,0.51,[],[],"[5539.375, 5643.875, 5626.125, 5637.875, 5641.625]",5641.2182,{},Within Value Area,Within Value Area,False,False
ESS,2025-04-01 06:30:00,2025-04-01 06:44:00,15min,5641.0,5641.5,5635.0,5635.25,1711.0,5639.0,5636.25,5638.25,5637.875,1.2500357201996515,0.6823039010697406,normal,1.07,[],[5639.38],"[5539.375, 5643.875, 5626.125, 5637.875]",5637.9946,{},Within Value Area,Below VAL,False,False
ESS,2025-04-01 06:45:00,2025-04-01 06:59:00,15min,5635.5,5636.0,5632.5,5633.5,1214.0,5635.25,5633.5,5634.25,5634.125,-1.0558158739813726,-0.28512355273532475,normal,1.03,[],[],"[5539.375, 5643.875, 5626.125, 5637.875, 5634.125]",5634.2849,{},Below VAL,Below VAL,False,False
ESS,2025-04-01 07:00:00,2025-04-01 07:14:00,15min,5633.25,5638.0,5631.5,5635.0,2531.0,5635.5,5632.25,5634.75,5633.375,-0.9295051050196723,0.28499675387822826,b-shape,0.72,[],[],"[5539.375, 5643.875, 5626.125, 5633.375]",5634.2246,{},Below VAL,Within Value Area,False,False
ESS,2025-04-01 07:15:00,2025-04-01 07:29:00,15min,5635.0,5640.25,5634.25,5639.75,1807.0,5640.0,5637.25,5637.25,5638.875,0.2788588246040913,-0.6941289630463935,P-shape,2.6,[],[5636.5],"[5539.375, 5643.875, 5626.125, 5633.375, 5638.875]",5638.0138,{},Within Value Area,Above VAH,False,False
ESS,2025-04-01 07:30:00,2025-04-01 07:44:00,15min,5639.25,5640.75,5636.5,5640.5,2010.0,5639.75,5637.5,5638.625,5638.125,-0.6308043465640498,0.524693442853085,normal,0.55,[],[],"[5539.375, 5643.875, 5626.125, 5633.375, 5638.125]",5638.4919,{},Within Value Area,Above VAH,False,False
ESS,2025-04-01 07:45:00,2025-04-01 07:59:00,15min,5640.5,5650.75,5640.5,5649.75,5413.0,5650.75,5646.5,5645.625,5648.625,2.2764100489452206,-1.7491617496350274,P-shape,0.95,[5642.12],[5645.25],"[5539.375, 5626.125, 5633.375, 5638.125, 5648.625]",5647.3344,{},Above VAH,Above VAH,False,False
ESS,2025-04-01 08:00:00,2025-04-01 08:14:00,15min,5650.0,5661.5,5646.75,5656.0,9001.0,5661.75,5653.75,5654.125,5657.625,0.14173663741041542,-1.0769662691374329,double-distro,0.29,"[5651.12, 5649.13]",[5653.75],"[5539.375, 5626.125, 5633.375, 5638.125, 5657.625]",5655.6017,{},Within Value Area,Above VAH,False,False
ESS,2025-04-01 08:15:00,2025-04-01 08:29:00,15min,5656.25,5656.5,5645.25,5646.5,5548.0,5653.75,5647.0,5650.875,5651.125,-1.176355224828371,-0.27253038762796744,double-distro,1.41,"[5645.75, 5656.37]",[5649.38],"[5626.125, 5633.375, 5638.125, 5657.625, 5651.125]",5650.2395,{},Within Value Area,Below VAL,False,False
ESS,2025-04-01 08:30:00,2025-04-01 08:44:00,15min,5646.5,5648.5,5641.0,5641.5,4851.0,5644.75,5641.0,5644.75,5642.625,0.17863472910960265,0.9954907411426296,double-distro,0.46,[5648.12],[5644.38],"[5633.375, 5638.125, 5657.625, 5651.125, 5642.625]",5643.5599,{},Below VAL,Below VAL,False,False
ESS,2025-04-01 08:45:00,2025-04-01 08:59:00,15min,5641.25,5644.0,5638.25,5639.75,3866.0,5643.0,5640.0,5641.125,5642.125,-1.043896627273745,-0.08334648296267594,P-shape,1.3,[],[],"[5633.375, 5657.625, 5651.125, 5642.125]",5641.2974,{},Within Value Area,Below VAL,False,False
ESS,2025-04-01 09:00:00,2025-04-01 09:14:00,15min,5640.0,5641.0,5636.75,5639.75,7061.0,5640.0,5638.0,5638.875,5638.875,1.7346682365492336,0.6998452470662527,normal,1.15,[],[],"[5633.375, 5657.625, 5651.125, 5642.125, 5638.875]",5638.8593,{},Within Value Area,Below VAL,False,False
ESS,2025-04-01 09:15:00,2025-04-01 09:29:00,15min,5639.5,5648.0,5637.5,5646.75,5825.0,5645.75,5640.25,5642.75,5643.875,-0.523602514716154,-0.14343025190426825,double-distro,0.82,[5638.25],"[5641.37, 5644.88]","[5633.375, 5657.625, 5651.125, 5643.875]",5642.8266,{},Within Value Area,Above VAH,False,False
ESS,2025-04-01 09:30:00,2025-04-01 09:44:00,15min,5646.75,5652.25,5644.5,5651.5,3702.0,5650.25,5644.5,5648.375,5647.875,-0.6147903415007971,0.2881367997795914,double-distro,0.59,[],[5649.5],"[5633.375, 5657.625, 5643.875, 5647.875]",5648.7206,{},Above VAH,Above VAH,False,False
ESS,2025-04-01 09:45:00,2025-04-01 09:59:00,15min,5651.5,5654.5,5648.0,5653.75,3034.0,5654.75,5651.0,5651.25,5653.375,-1.4539787532971489,-0.2632921338166049,double-distro,1.22,[5648.25],[5651.12],"[5633.375, 5657.625, 5643.875, 5653.375]",5652.0553,{},Above VAH,Above VAH,False,False
ESS,2025-04-01 10:00:00,2025-04-01 10:14:00,15min,5653.75,5657.5,5652.0,5653.25,3892.0,5657.0,5653.75,5654.75,5655.375,-0.6564500670377775,0.229189051554265,normal,0.38,[],[],"[5633.375, 5643.875, 5655.375]",5655.2249,{},Within Value Area,Within Value Area,False,False
ESS,2025-04-01 10:15:00,2025-04-01 10:29:00,15min,5653.25,5657.5,5653.0,5655.25,3112.0,5657.25,5654.5,5655.25,5656.625,-1.7011682363511724,-0.07596901069631389,P-shape,0.29,[],[],"[5633.375, 5643.875, 5656.625]",5655.5132,{},Below VAL,Within Value Area,False,False
ESS,2025-04-01 10:30:00,2025-04-01 10:44:00,15min,5655.25,5662.75,5654.5,5661.75,4669.0,5662.25,5658.25,5658.625,5661.375,-0.4513237767036413,-0.7787685914319192,double-distro,0.42,[5655.5],[5657.5],"[5633.375, 5643.875, 5661.375]",5659.2287,{},Within Value Area,Above VAH,False,False
ESS,2025-04-01 10:45:00,2025-04-01 10:59:00,15min,5662.0,5663.5,5658.75,5659.5,3968.0,5662.75,5660.0,5661.125,5661.375,-0.7848401329337298,-0.00028238722188431316,normal,0.9,[],[],"[5633.375, 5643.875, 5661.375]",5661.1771,{},Within Value Area,Within Value Area,False,False
ESS,2025-04-01 11:00:00,2025-04-01 11:14:00,15min,5659.5,5660.5,5639.0,5642.5,14947.0,5656.75,5643.75,5649.75,5652.375,-1.6161603817875903,-0.0961326006914541,double-distro,0.61,"[5643.19, 5641.83]",[5647.62],"[5633.375, 5661.375, 5652.375]",5648.9689,{},Below VAL,Below VAL,False,False
ESS,2025-04-01 11:15:00,2025-04-01 11:29:00,15min,5642.75,5646.0,5635.0,5635.5,6232.0,5645.0,5639.25,5640.5,5642.375,0.06516745519705935,-0.7769481000713673,double-distro,1.02,[5636.25],[5638.88],"[5633.375, 5661.375, 5652.375, 5642.375]",5640.8058,{},Below VAL,Below VAL,False,False
ESS,2025-04-01 11:30:00,2025-04-01 11:44:00,15min,5635.25,5638.0,5623.25,5632.25,11585.0,5634.75,5627.5,5630.625,5630.625,0.4924883584050086,-0.0956311704721053,normal,0.78,"[5624.5, 5636.0]",[5627.25],"[5661.375, 5652.375, 5642.375, 5630.625]",5630.7937,{},Below VAL,Below VAL,False,False
ESS,2025-04-01 11:45:00,2025-04-01 11:59:00,15min,5632.0,5641.25,5630.5,5638.25,7112.0,5640.25,5637.0,5635.875,5638.875,3.47585937960116,-1.5458581583696709,P-shape,0.72,"[5631.75, 5633.5]",[5635.13],"[5661.375, 5652.375, 5642.375, 5638.875]",5637.9326,{},Within Value Area,Above VAH,False,False
ESS,2025-04-01 12:00:00,2025-04-01 12:14:00,15min,5638.5,5639.25,5629.25,5629.5,6842.0,5638.0,5632.5,5634.25,5634.625,-0.23857264067930384,-0.6975476341394332,normal,0.99,[5629.5],[5632.0],"[5661.375, 5652.375, 5642.375, 5634.625]",5634.4356,{},Within Value Area,Below VAL,False,False
ESS,2025-04-01 12:15:00,2025-04-01 12:29:00,15min,5629.5,5632.25,5625.75,5627.75,5809.0,5631.25,5627.75,5629.0,5629.375,-0.9672558739740471,0.3647352168928222,normal,1.16,[],[],"[5661.375, 5652.375, 5642.375, 5634.625, 5629.375]",5629.3558,{},Below VAL,Below VAL,False,False
ESS,2025-04-01 12:30:00,2025-04-01 12:44:00,15min,5627.75,5630.75,5618.0,5624.25,9721.0,5625.0,5619.25,5624.375,5621.375,1.2084417159729126,1.0288902180769361,normal,0.94,"[5628.25, 5630.63]",[5627.25],"[5661.375, 5652.375, 5642.375, 5634.625, 5621.375]",5622.9583,{},Within Value Area,Below VAL,False,False
ESS,2025-04-01 12:45:00,2025-04-01 12:59:00,15min,5624.25,5628.5,5621.0,5626.5,6211.0,5628.5,5625.0,5624.75,5626.875,-0.604957337608079,-0.8574430912591416,P-shape,0.9,[5621.5],[5624.37],"[5661.375, 5652.375, 5642.375, 5634.625, 5626.875]",5625.7893,{},Within Value Area,Above VAH,False,False
ESS,2025-04-01 13:00:00,2025-04-01 13:14:00,15min,5626.5,5633.0,5622.5,5630.25,8441.0,5630.75,5625.5,5627.75,5627.375,-1.3208758184350078,-0.252025489460866,double-distro,0.97,[5632.75],[],"[5661.375, 5652.375, 5642.375, 5634.625, 5627.375]",5628.4863,{},Within Value Area,Above VAH,False,False
ESS,2025-04-01 13:15:00,2025-04-01 13:29:00,15min,5630.25,5635.5,5621.5,5626.5,9880.0,5630.25,5623.25,5628.5,5625.125,-0.7621937307906164,0.7614381956133323,double-distro,1.36,"[5631.87, 5634.75]",[5630.87],"[5661.375, 5652.375, 5642.375, 5625.125]",5627.5254,{},Within Value Area,Within Value Area,False,False
ESS,2025-04-01 13:30:00,2025-04-01 13:44:00,15min,5626.25,5633.0,5625.5,5628.75,11204.0,5631.0,5627.0,5629.25,5627.875,-0.403611256545223,0.22163659138895125,b-shape,1.64,[5633.0],[],"[5661.375, 5652.375, 5642.375, 5625.125, 5627.875]",5629.2009,{},Within Value Area,Within Value Area,False,False
ESS,2025-04-01 13:45:00,2025-04-01 13:59:00,15min,5628.75,5637.25,5626.25,5634.75,10230.0,5637.5,5630.25,5631.75,5634.875,-1.009291919914955,-0.6804124055794073,double-distro,0.93,[5628.13],[5631.75],"[5661.375, 5652.375, 5642.375, 5625.125, 5634.875]",5632.7409,{},Within Value Area,Above VAH,False,False
ESS,2025-04-01 14:00:00,2025-04-01 14:14:00,15min,5635.0,5644.0,5634.25,5642.0,13075.0,5642.25,5637.5,5639.125,5639.375,-0.14337775520518203,-0.14817564301509964,normal,1.08,[5634.38],[5637.13],"[5661.375, 5652.375, 5625.125, 5639.375]",5639.6949,{},Within Value Area,Above VAH,False,False
ESS,2025-04-01 14:15:00,2025-04-01 14:29:00,15min,5642.25,5645.75,5637.75,5638.75,15944.0,5643.25,5639.0,5641.75,5640.375,-1.5312166359870796,-0.31698473642679864,double-distro,3.37,[5645.63],[],"[5661.375, 5652.375, 5625.125, 5640.375]",5641.4057,{},Within Value Area,Within Value Area,False,False
ESS,2025-04-01 14:30:00,2025-04-01 14:44:00,15min,5638.75,5641.5,5623.0,5633.0,87070.0,5636.5,5628.25,5632.25,5633.625,-0.6203722083736944,0.13324672179705627,normal,0.59,"[5626.62, 5628.37]",[],"[5661.375, 5652.375, 5633.625]",5632.5055,{},Below VAL,Below VAL,False,False
ESS,2025-04-01 14:45:00,2025-04-01 14:59:00,15min,5633.0,5650.0,5631.5,5636.5,68770.0,5650.0,5639.0,5640.75,5646.125,-1.3101919709198757,-0.34888994804179074,double-distro,0.6,"[5639.42, 5636.37]",[5642.25],"[5661.375, 5652.375, 5646.125]",5642.5913,{},Within Value Area,Within Value Area,False,False
ESS,2025-04-01 15:00:00,2025-04-01 15:14:00,15min,5636.75,5640.5,5605.75,5606.75,98216.0,5637.25,5615.5,5623.125,5628.625,-1.359146530567981,-0.01515481341725455,double-distro,0.64,"[5616.61, 5619.71]",[5622.88],"[5661.375, 5652.375, 5646.125, 5628.625]",5621.8331,{},Below VAL,Below VAL,False,False
ESS,2025-04-01 15:15:00,2025-04-01 15:29:00,15min,5607.0,5622.0,5600.25,5615.0,67087.0,5617.0,5605.25,5611.125,5608.375,-1.0571576224725647,0.08393241866074115,double-distro,0.93,"[5616.57, 5619.62]",[],"[5661.375, 5652.375, 5646.125, 5628.625, 5608.375]",5611.6293,{},Below VAL,Below VAL,False,False
ESS,2025-04-01 15:30:00,2025-04-01 15:44:00,15min,5615.0,5650.5,5613.5,5643.75,74220.0,5639.5,5615.25,5632.0,5619.875,-1.4363198224937417,0.42242414287654284,double-distro,1.02,"[5638.82, 5635.13]",[5629.87],"[5661.375, 5652.375, 5608.375, 5619.875]",5632.0524,{},Within Value Area,Above VAH,False,False
ESS,2025-04-01 15:45:00,2025-04-01 15:59:00,15min,5643.75,5662.75,5638.75,5661.5,71514.0,5655.5,5640.75,5650.75,5644.375,-1.3793612705437828,-0.044604910197032326,double-distro,1.24,"[5654.38, 5661.38]",[5647.25],"[5608.375, 5619.875, 5644.375]",5651.0238,{},Above VAH,Above VAH,False,False
ESS,2025-04-01 16:00:00,2025-04-01 16:14:00,15min,5661.5,5679.25,5658.0,5678.75,62355.0,5672.75,5662.75,5668.625,5668.125,0.28706931073306485,0.6455999177866599,double-distro,1.3,"[5662.25, 5675.87]","[5672.88, 5664.88]","[5608.375, 5619.875, 5644.375, 5668.125]",5667.5368,{},Above VAH,Above VAH,False,False
ESS,2025-04-01 16:15:00,2025-04-01 16:29:00,15min,5678.75,5683.5,5670.5,5672.75,68694.0,5682.75,5676.75,5677.0,5680.125,0.35986262112821077,-0.9771915170823813,P-shape,1.24,"[5673.62, 5671.25]",[5675.13],"[5608.375, 5619.875, 5644.375, 5668.125, 5680.125]",5678.2401,{},Above VAH,Within Value Area,False,False
ESS,2025-04-01 16:30:00,2025-04-01 16:44:00,15min,5672.75,5677.5,5666.5,5676.0,54937.0,5674.25,5669.25,5672.0,5671.625,-0.9693495850106397,0.10061010928121682,normal,1.06,"[5677.12, 5666.62]",[],"[5608.375, 5619.875, 5644.375, 5680.125, 5671.625]",5671.7736,{},Below VAL,Below VAL,False,False
ESS,2025-04-01 16:45:00,2025-04-01 16:59:00,15min,5676.0,5682.75,5672.25,5680.75,40440.0,5681.25,5676.0,5677.5,5678.625,-0.18011599634058895,-0.8241365702388143,normal,0.94,[5673.0],[],"[5608.375, 5619.875, 5644.375, 5671.625, 5678.625]",5677.9621,{},Above VAH,Above VAH,False,False
ESS,2025-04-01 17:00:00,2025-04-01 17:14:00,15min,5681.0,5689.5,5676.75,5687.25,41469.0,5688.75,5684.25,5683.125,5687.125,4.714890120695018,-1.7222174410695117,P-shape,0.56,"[5680.5, 5678.0]",[5682.12],"[5608.375, 5619.875, 5644.375, 5671.625, 5687.125]",5685.5107,{},Within Value Area,Above VAH,False,False
ESS,2025-04-01 17:15:00,2025-04-01 17:29:00,15min,5687.25,5694.75,5671.5,5672.25,54538.0,5694.75,5683.0,5683.125,5687.875,-0.4240959637091555,-0.8489430153239789,double-distro,1.03,"[5673.62, 5693.38]","[5680.75, 5684.75]","[5608.375, 5619.875, 5644.375, 5687.875]",5685.4367,{},Within Value Area,Below VAL,False,False
ESS,2025-04-01 17:30:00,2025-04-01 17:44:00,15min,5672.5,5675.5,5658.0,5659.5,54007.0,5670.0,5660.0,5666.75,5663.125,-0.6818873443673263,0.40845036267573814,double-distro,0.79,"[5670.25, 5673.25]",[],"[5608.375, 5619.875, 5644.375, 5687.875, 5663.125]",5666.073,{},Below VAL,Below VAL,False,False
ESS,2025-04-01 17:45:00,2025-04-01 17:59:00,15min,5659.75,5678.75,5658.25,5671.75,42152.0,5679.0,5664.25,5668.5,5674.625,-1.213778748631967,-0.6104165574949483,double-distro,0.95,"[5665.61, 5662.5]",[5668.62],"[5608.375, 5619.875, 5644.375, 5687.875, 5674.625]",5669.7254,{},Below VAL,Above VAH,False,False
ESS,2025-04-01 18:00:00,2025-04-01 18:14:00,15min,5671.75,5676.5,5664.5,5672.5,32454.0,5673.75,5667.25,5670.5,5669.125,-1.0893959985657613,0.20664773465831449,double-distro,0.82,[5675.37],[5670.75],"[5608.375, 5619.875, 5644.375, 5687.875, 5669.125]",5670.2196,{},Within Value Area,Within Value Area,False,False
ESS,2025-04-01 18:15:00,2025-04-01 18:29:00,15min,5672.25,5673.75,5656.25,5658.75,30495.0,5666.25,5658.5,5665.0,5661.375,0.9589406605849442,0.9942940450369723,b-shape,1.15,"[5671.65, 5666.88]",[5667.63],"[5608.375, 5619.875, 5644.375, 5687.875, 5661.375]",5663.4414,{},Within Value Area,Below VAL,False,False
ESS,2025-04-01 18:30:00,2025-04-01 18:44:00,15min,5658.5,5668.5,5655.5,5658.25,33167.0,5664.5,5657.5,5662.0,5661.875,-1.0532344227455654,0.18953477219090506,double-distro,1.03,"[5656.25, 5667.75]",[],"[5608.375, 5619.875, 5644.375, 5687.875, 5661.875]",5661.2589,{},Within Value Area,Below VAL,False,False
ESS,2025-04-01 18:45:00,2025-04-01 18:59:00,15min,5658.25,5667.5,5653.5,5654.25,28083.0,5665.0,5657.25,5660.5,5662.375,-0.9502450959205317,-0.1666249592718848,double-distro,1.1,"[5656.75, 5654.5]",[],"[5608.375, 5619.875, 5644.375, 5687.875, 5662.375]",5661.0281,{},Within Value Area,Below VAL,False,False
ESS,2025-04-01 19:00:00,2025-04-01 19:14:00,15min,5654.5,5656.25,5635.0,5641.25,52470.0,5645.0,5637.5,5645.625,5640.875,2.254489752210893,1.3133972157144098,b-shape,0.7,"[5650.87, 5654.25]",[5648.0],"[5608.375, 5619.875, 5687.875, 5662.375, 5640.875]",5642.7185,{},Below VAL,Below VAL,False,False
ESS,2025-04-01 19:15:00,2025-04-01 19:29:00,15min,5641.5,5642.5,5628.5,5631.0,41936.0,5636.0,5630.5,5635.5,5633.375,1.1850816169099438,0.7764874848910048,b-shape,0.65,"[5640.87, 5638.63]",[5637.87],"[5608.375, 5619.875, 5687.875, 5662.375, 5633.375]",5633.454,{},Within Value Area,Below VAL,False,False
ESS,2025-04-01 19:30:00,2025-04-01 19:44:00,15min,5631.0,5637.25,5628.5,5636.25,30005.0,5635.25,5630.75,5632.875,5632.875,-0.7911427260633039,-0.21152483100856795,normal,1.09,[],[],"[5608.375, 5619.875, 5687.875, 5662.375, 5632.875]",5632.9758,{},Within Value Area,Above VAH,False,False
ESS,2025-04-01 19:45:00,2025-04-01 19:59:00,15min,5636.5,5642.25,5625.75,5641.0,38762.0,5638.0,5626.75,5634.0,5630.625,-1.206583751405287,0.3754282691858578,double-distro,0.72,"[5639.63, 5636.56]",[5635.62],"[5608.375, 5619.875, 5687.875, 5662.375, 5630.625]",5633.8231,{},Above VAH,Above VAH,False,False
ESS,2025-04-01 20:00:00,2025-04-01 20:14:00,15min,5640.75,5649.0,5638.5,5645.75,42437.0,5646.5,5641.0,5643.75,5643.375,-0.5136042603055713,0.45833307051190203,double-distro,0.63,[5648.75],[5646.0],"[5619.875, 5687.875, 5662.375, 5630.625, 5643.375]",5644.097,{},Above VAH,Above VAH,False,False
ESS,2025-04-01 20:15:00,2025-04-01 20:29:00,15min,5646.0,5654.25,5643.5,5648.5,37967.0,5654.25,5648.25,5648.875,5652.125,-1.37449675998257,-0.10296727831259464,P-shape,1.34,"[5645.87, 5644.0]",[],"[5619.875, 5687.875, 5662.375, 5630.625, 5652.125]",5649.8786,{},Within Value Area,Above VAH,False,False
ESS,2025-04-01 20:30:00,2025-04-01 20:44:00,15min,5648.75,5665.0,5645.75,5663.75,49282.0,5664.25,5657.5,5655.375,5661.125,4.4275111522541595,-1.8658777208990585,P-shape,0.94,"[5649.38, 5647.0]",[5654.63],"[5619.875, 5687.875, 5630.625, 5661.125]",5659.1778,{},Within Value Area,Above VAH,False,False
ESS,2025-04-01 20:45:00,2025-04-01 20:59:00,15min,5663.75,5679.75,5662.5,5674.75,152078.0,5676.5,5669.5,5671.125,5672.125,-1.0128015978451055,0.1621118783041823,normal,10.09,"[5665.87, 5663.5]",[5668.25],"[5619.875, 5687.875, 5630.625, 5661.125, 5672.125]",5671.9416,{},Within Value Area,Above VAH,False,False
ESS,2025-04-01 21:00:00,2025-04-01 21:14:00,15min,5674.75,5678.5,5672.75,5674.5,41319.0,5677.0,5673.75,5675.625,5674.125,0.6519204794170399,0.8851704992112363,b-shape,0.34,[],[5676.62],"[5687.875, 5630.625, 5661.125, 5672.125, 5674.125]",5675.0057,{},Within Value Area,Within Value Area,False,False
ESS,2025-04-01 21:15:00,2025-04-01 21:29:00,15min,5674.5,5675.25,5668.0,5668.75,7484.0,5674.75,5669.75,5671.625,5671.625,-0.5713021809886936,0.1957463133030984,double-distro,0.96,[],[5673.13],"[5687.875, 5630.625, 5661.125, 5671.625]",5671.5184,{},Within Value Area,Below VAL,False,False
ESS,2025-04-01 21:30:00,2025-04-01 21:44:00,15min,5668.75,5669.0,5666.25,5667.75,5212.0,5668.25,5666.75,5667.625,5667.125,2.1467329004661773,1.3383941697254822,normal,1.07,[],[],"[5687.875, 5630.625, 5661.125, 5671.625, 5667.125]",5667.3234,{},Below VAL,Below VAL,False,False
ESS,2025-04-01 21:45:00,2025-04-01 21:59:00,15min,5667.75,5679.5,5667.25,5671.75,11939.0,5676.0,5671.0,5673.375,5672.625,-0.5946492307930136,-0.002095905579539527,normal,0.33,"[5678.62, 5667.5]","[5670.75, 5675.88]","[5687.875, 5630.625, 5661.125, 5672.625]",5673.1576,{},Within Value Area,Above VAH,False,False
ESS,2025-04-02 00:00:00,2025-04-02 00:14:00,15min,5683.0,5683.5,5680.0,5682.25,1363.0,5682.75,5680.75,5681.75,5681.625,-1.1495048890912907,0.10442969169396864,normal,1.85,[],[],"[5687.875, 5630.625, 5661.125, 5672.625, 5681.625]",5681.6761,{},Above VAH,Above VAH,False,False
ESS,2025-04-02 00:15:00,2025-04-02 00:29:00,15min,5682.5,5686.5,5682.5,5686.25,1203.0,5686.0,5683.75,5684.5,5684.375,0.2834974810207438,0.7670094120925386,normal,2.3,[],[],"[5630.625, 5661.125, 5672.625, 5681.625, 5684.375]",5684.7195,{},Within Value Area,Above VAH,False,False
ESS,2025-04-02 00:30:00,2025-04-02 00:44:00,15min,5686.25,5687.75,5684.0,5685.25,1179.0,5687.5,5685.0,5685.875,5686.125,-1.0125826548393841,0.3128903944081273,normal,0.84,[],[],"[5630.625, 5661.125, 5672.625, 5681.625, 5686.125]",5686.1309,{},Above VAH,Within Value Area,False,False
ESS,2025-04-02 00:45:00,2025-04-02 00:59:00,15min,5685.25,5686.0,5681.75,5682.75,1549.0,5685.75,5683.25,5683.875,5684.875,-1.0912194339299788,0.32172788116801687,P-shape,1.06,[],[],"[5630.625, 5661.125, 5672.625, 5684.875]",5684.0146,{},Within Value Area,Below VAL,False,False
ESS,2025-04-02 01:00:00,2025-04-02 01:14:00,15min,5682.75,5683.25,5669.0,5671.5,6465.0,5677.0,5670.5,5676.125,5674.375,1.1658517578038685,0.838522141664046,double-distro,0.28,"[5681.0, 5682.75]",[5678.37],"[5630.625, 5661.125, 5684.875, 5674.375]",5674.7029,{},Below VAL,Below VAL,False,False
ESS,2025-04-02 01:15:00,2025-04-02 01:29:00,15min,5671.25,5676.0,5662.5,5666.25,4759.0,5670.75,5663.0,5669.25,5666.875,-1.4376445449616138,0.2870482526118254,double-distro,0.34,"[5673.75, 5676.0]",[5670.13],"[5630.625, 5661.125, 5684.875, 5666.875]",5668.2168,{},Within Value Area,Below VAL,False,False
ESS,2025-04-02 01:30:00,2025-04-02 01:44:00,15min,5666.25,5670.75,5664.5,5669.5,2912.0,5669.25,5666.0,5667.625,5667.875,0.3977566232515235,-0.8730261659448026,normal,1.61,[],[],"[5630.625, 5661.125, 5684.875, 5667.875]",5667.5212,{},Within Value Area,Within Value Area,False,False
ESS,2025-04-02 01:45:00,2025-04-02 01:59:00,15min,5669.25,5670.25,5664.5,5665.5,1572.0,5668.75,5664.75,5667.375,5665.625,-1.3045412148206892,0.23724143767785308,double-distro,0.84,[],[5667.0],"[5630.625, 5661.125, 5684.875, 5665.625]",5667.1656,{},Within Value Area,Below VAL,False,False
ESS,2025-04-02 02:00:00,2025-04-02 02:14:00,15min,5665.5,5667.75,5663.5,5667.5,1354.0,5666.75,5664.5,5665.625,5665.625,-0.25881811782309194,0.2951302816800769,normal,0.83,[],[],"[5630.625, 5661.125, 5684.875, 5665.625]",5665.6999,{},Within Value Area,Within Value Area,False,False
ESS,2025-04-02 02:15:00,2025-04-02 02:29:00,15min,5667.25,5669.25,5666.0,5666.75,1199.0,5669.0,5667.25,5667.625,5668.125,-0.24398210020092748,-0.7672147434775906,P-shape,0.91,[],[],"[5630.625, 5661.125, 5684.875, 5665.625, 5668.125]",5667.8711,{},Above VAH,Within Value Area,False,False
ESS,2025-04-02 02:30:00,2025-04-02 02:44:00,15min,5666.5,5670.5,5664.75,5669.25,1522.0,5668.75,5666.0,5667.625,5666.375,-1.4429294595581652,-0.012491293055340297,b-shape,0.57,[],[],"[5630.625, 5661.125, 5684.875, 5666.375]",5667.3423,{},Below VAL,Above VAH,False,False
ESS,2025-04-02 02:45:00,2025-04-02 02:59:00,15min,5669.5,5672.25,5667.25,5670.0,1274.0,5671.25,5668.0,5669.75,5669.625,-0.9439066466682831,0.3850793925322561,normal,0.68,[],[],"[5630.625, 5661.125, 5684.875, 5666.375, 5669.625]",5669.8774,{},Above VAH,Above VAH,False,False
ESS,2025-04-02 03:00:00,2025-04-02 03:14:00,15min,5670.25,5671.0,5666.25,5666.25,1720.0,5669.75,5666.25,5668.625,5666.875,0.21402318225367312,1.1976978642899856,b-shape,0.43,[],[5669.38],"[5630.625, 5661.125, 5684.875, 5666.875]",5668.1745,{},Within Value Area,Below VAL,False,False
ESS,2025-04-02 03:15:00,2025-04-02 03:29:00,15min,5666.25,5671.0,5666.0,5670.25,1140.0,5669.75,5666.0,5668.5,5666.625,-1.551658421177951,0.6866821555844594,b-shape,1.42,[],[5668.5],"[5630.625, 5661.125, 5684.875, 5666.625]",5668.0584,{},Within Value Area,Above VAH,False,False
ESS,2025-04-02 03:30:00,2025-04-02 03:44:00,15min,5670.25,5671.0,5667.25,5667.25,882.0,5669.75,5667.5,5669.125,5668.125,-1.012765184271852,0.4060228672844486,double-distro,1.21,[],[],"[5630.625, 5661.125, 5684.875, 5666.625, 5668.125]",5668.8372,{},Above VAH,Within Value Area,False,False
ESS,2025-04-02 03:45:00,2025-04-02 03:59:00,15min,5667.25,5668.5,5666.75,5668.25,681.0,5668.75,5667.75,5667.625,5668.375,0.6702399857992196,-1.0691992237272023,P-shape,0.47,[],[],"[5630.625, 5661.125, 5684.875, 5668.375]",5667.931,{},Below VAL,Within Value Area,False,False
ESS,2025-04-02 04:00:00,2025-04-02 04:14:00,15min,5668.0,5669.5,5667.25,5667.5,956.0,5669.25,5667.75,5668.375,5668.125,-0.5299246208353989,0.45649045543810823,b-shape,3.34,[],[],"[5630.625, 5661.125, 5684.875, 5668.125]",5668.2347,{},Within Value Area,Below VAL,False,False
ESS,2025-04-02 04:15:00,2025-04-02 04:29:00,15min,5667.5,5668.25,5667.0,5667.5,768.0,5668.0,5667.25,5667.625,5667.625,0.11005708339459996,0.4203387551908818,normal,1.4,[],[],"[5630.625, 5661.125, 5684.875, 5667.625]",5667.5566,{},Below VAL,Below VAL,False,False
ESS,2025-04-02 04:30:00,2025-04-02 04:44:00,15min,5667.75,5668.0,5665.25,5665.25,1414.0,5667.75,5665.75,5666.625,5667.125,-1.6295204312630824,-0.07450163206692699,normal,0.33,[],[],"[5630.625, 5661.125, 5684.875, 5667.125]",5666.4578,{},Within Value Area,Below VAL,False,False
ESS,2025-04-02 04:45:00,2025-04-02 04:59:00,15min,5665.25,5667.0,5664.5,5665.75,1597.0,5667.25,5665.0,5665.75,5666.625,0.6465168779252144,-1.0519719821777063,P-shape,0.79,[],[5665.75],"[5630.625, 5661.125, 5684.875, 5666.625]",5665.6913,{},Below VAL,Within Value Area,False,False
ESS,2025-04-02 05:00:00,2025-04-02 05:14:00,15min,5665.5,5666.75,5664.5,5664.75,923.0,5666.25,5665.0,5665.625,5665.875,-1.0130040092236352,0.11649984843931925,normal,0.47,[],[],"[5630.625, 5661.125, 5684.875, 5665.875]",5665.5935,{},Within Value Area,Below VAL,False,False
ESS,2025-04-02 05:15:00,2025-04-02 05:29:00,15min,5664.75,5666.0,5664.5,5665.0,721.0,5665.75,5664.75,5665.25,5665.125,0.015043773991929577,0.79098364056281,b-shape,0.48,[],[],"[5630.625, 5661.125, 5684.875, 5665.125]",5665.2241,{},Below VAL,Within Value Area,False,False
ESS,2025-04-02 05:30:00,2025-04-02 05:44:00,15min,5665.25,5668.0,5664.5,5667.5,1278.0,5666.5,5664.5,5666.25,5665.625,-1.3536633977914474,0.31940113526531516,double-distro,0.46,[],[5666.75],"[5630.625, 5661.125, 5684.875, 5665.625]",5665.9487,{},Within Value Area,Above VAH,False,False
